Student Name,Gender,Class Level,Home State,Major,Extracurricular Activity
Alexandra,Female,4. Senior,CA,English,Drama Club
Andrew,Male,1. Freshman,SD,Math,Lacrosse
Anna,Female,1. Freshman,NC,English,Basketball
Becky,Female,2. Sophomore,SD,Art,Baseball
Benjamin,Male,4. Senior,WI,English,Basketball
Carl,Male,3. Junior,MD,Art,Debate
Carrie,Female,3. Junior,NE,English,Track & Field
Dorothy,Female,4. Senior,MD,Math,Lacrosse
Dylan,Male,1. Freshman,MA,Math,Baseball
Edward,Male,3. Junior,FL,English,Drama Club
Ellen,Female,1. Freshman,WI,Physics,Drama Club
Fiona,Female,1. Freshman,MA,Art,Debate
John,Male,3. Junior,CA,Physics,Basketball
Jonathan,Male,2. Sophomore,SC,Math,Debate
Joseph,Male,1. Freshman,AK,English,Drama Club
Josephine,Female,1. Freshman,NY,Math,Debate
Karen,Female,2. Sophomore,NH,English,Basketball
Kevin,Male,2. Sophomore,NE,Physics,Drama Club
Lisa,Female,3. Junior,SC,Art,Lacrosse
Mary,Female,2. Sophomore,AK,Physics,Track & Field
Maureen,Female,1. Freshman,CA,Physics,Basketball
Nick,Male,4. Senior,NY,Art,Baseball
Olivia,Female,4. Senior,NC,Physics,Track & Field
Pamela,Female,3. Junior,RI,Math,Baseball
Patrick,Male,1. Freshman,NY,Art,Lacrosse
Robert,Male,1. Freshman,CA,English,Track & Field
Sean,Male,1. Freshman,NH,Physics,Track & Field
Stacy,Female,1. Freshman,NY,Math,Baseball
Thomas,Male,2. Sophomore,RI,Art,Lacrosse
Will,Male,4. Senior,FL,Math,Debate